Method,Accuracy,F1score
decision,0.54916792738275344,0.5179049623627362
