Method,Accuracy,F1score
decision,0.55561177165022346,0.52379752696334192
